name,region,indicator,y2001,y2002,y2003,y2004,y2005,y2006,y2007,y2008,y2009,y2010,y2011,y2012,y2013,y2014,y2015
American Samoa,East Asia & Pacific,GDP,,,,,,,,,,,,,,,
Australia,East Asia & Pacific,GDP,3.78E+11,3.94E+11,4.66E+11,6.13E+11,6.93E+11,7.47E+11,8.53E+11,1.05E+12,9.27E+11,1.14E+12,1.39E+12,1.54E+12,1.56E+12,1.45E+12,1.34E+12
Brunei Darussalam,East Asia & Pacific,GDP,5601090584,5843329108,6557333085,7872333215,9531402848,11470703002,12247694247,14393099069,10732366286,12370616062,16691533190,16953505122,16110693734,17104656669,15492035784
Cambodia,East Asia & Pacific,GDP,3979813388,4284028138,4658246907,5337833256,6293046162,7274595707,8639235842,10351914093,10401851851,11242275199,12829541141,14038383450,15449630419,16777820333,18049954289
China,East Asia & Pacific,GDP,1.33E+12,1.46E+12,1.65E+12,1.94E+12,2.27E+12,2.73E+12,3.52E+12,4.56E+12,5.06E+12,6.04E+12,7.49E+12,8.46E+12,9.49E+12,1.04E+13,1.09E+13
Fiji,East Asia & Pacific,GDP,1660102346,1842691481,2315935753,2727507213,3006725015,3102741451,3405050612,3523185920,2870624636,3140508836,3774537140,3977652383,4196263712,4531870927,4386008745
French Polynesia,East Asia & Pacific,GDP,,,,,,,,,,,,,,,
Guam,East Asia & Pacific,GDP,,,,,,,,,,,,,,,
"Hong Kong SAR, China",East Asia & Pacific,GDP,1.69E+11,1.66E+11,1.61E+11,1.69E+11,1.82E+11,1.94E+11,2.12E+11,2.19E+11,2.14E+11,2.29E+11,2.49E+11,2.63E+11,2.76E+11,2.91E+11,3.10E+11
Indonesia,East Asia & Pacific,GDP,1.60E+11,1.96E+11,2.35E+11,2.57E+11,2.86E+11,3.65E+11,4.32E+11,5.10E+11,5.40E+11,7.55E+11,8.93E+11,9.18E+11,9.13E+11,8.90E+11,8.62E+11
Japan,East Asia & Pacific,GDP,4.16E+12,3.98E+12,4.30E+12,4.66E+12,4.57E+12,4.36E+12,4.36E+12,4.85E+12,5.04E+12,5.50E+12,5.91E+12,5.96E+12,4.91E+12,4.60E+12,4.12E+12
Kiribati,East Asia & Pacific,GDP,63101272.37,72259045.96,90148518.06,102220914.8,106149546.4,104668674.7,123002259.2,135044455.6,127125253.5,150431113.6,172253739,174984468.8,168951535,166756805.5,145237022
"Korea, Dem. People’s Rep.",East Asia & Pacific,GDP,,,,,,,,,,,,,,,
"Korea, Rep.",East Asia & Pacific,GDP,5.33E+11,6.09E+11,6.81E+11,7.65E+11,8.98E+11,1.01E+12,1.12E+12,1.00E+12,9.02E+11,1.09E+12,1.20E+12,1.22E+12,1.31E+12,1.41E+12,1.38E+12
Lao PDR,East Asia & Pacific,GDP,1768619058,1758176653,2023324407,2366398120,2735558735,3452882514,4222962988,5443915121,5832915387,7181441140,8283218734,9359185244,11192471435,11715619756,12327488341
"Macao SAR, China",East Asia & Pacific,GDP,6811252879,7322690268,8194995761,10585562564,12092284455,14789661809,18340472131,20917457388,21475520709,28123640999,36709847597,43028648669,51548871616,55522993327,46177532874
Malaysia,East Asia & Pacific,GDP,92783947368,1.01E+11,1.10E+11,1.25E+11,1.44E+11,1.63E+11,1.94E+11,2.31E+11,2.02E+11,2.55E+11,2.98E+11,3.14E+11,3.23E+11,3.38E+11,2.96E+11
Marshall Islands,East Asia & Pacific,GDP,115152142.7,124735071.9,126887585.5,131106365.5,137744500,143656582.8,150071644.8,152793449.1,152130186,163803078.3,172861423.4,184439555.5,190180248.3,186716625.8,
"Micronesia, Fed. Sts.",East Asia & Pacific,GDP,240051900,241543400,244991000,239563300,249845600,252991200,255890800,261339600,277510900,294117200,310287500,325835160.3,315725617,318071978.6,
Mongolia,East Asia & Pacific,GDP,1267997923,1396555772,1595297301,1992066759,2523471602,3414055663,4234999703,5623216610,4583850368,7189482030,10409797336,12292770631,12582122604,12226514715,11757940909
Myanmar,East Asia & Pacific,GDP,,,,,,,,,,,,74690222131,58652652371,64330041773,64865515159
Nauru,East Asia & Pacific,GDP,,,,,,,,,,,,,,,
New Caledonia,East Asia & Pacific,GDP,,,,,,,,,,,,,,,
New Zealand,East Asia & Pacific,GDP,53872425917,66628222189,88250885550,1.04E+11,1.15E+11,1.12E+11,1.37E+11,1.33E+11,1.21E+11,1.47E+11,1.68E+11,1.77E+11,1.91E+11,2.00E+11,1.74E+11
Northern Mariana Islands,East Asia & Pacific,GDP,,,,,,,,,,,,,,,
Palau,East Asia & Pacific,GDP,160000000,163500000,159900000,175300000,193300000,194700000,196000000,198100000,186400000,183800000,199900000,214200000,228700000,250900000,287400000
Papua New Guinea,East Asia & Pacific,GDP,3081029666,2999542369,3536459111,3927114466,4865971718,5527856839,6340673794,8000074071,8105331930,9716103409,12873049346,15391629871,15413163675,16928680397,
Philippines,East Asia & Pacific,GDP,76262072022,81357602950,83908206456,91371239765,1.03E+11,1.22E+11,1.49E+11,1.74E+11,1.68E+11,2.00E+11,2.24E+11,2.50E+11,2.72E+11,2.85E+11,2.92E+11
Samoa,East Asia & Pacific,GDP,273088357.2,288078881.4,338838639.4,420320176.4,465568018.3,505832439.8,570469196.7,619260721.6,586153251.8,656789149.6,762098381.9,804209309.4,795753602.5,800418989.6,761037916.4
Singapore,East Asia & Pacific,GDP,89286208629,91941192896,97001377569,1.14E+11,1.27E+11,1.48E+11,1.80E+11,1.92E+11,1.92E+11,2.36E+11,2.75E+11,2.89E+11,3.00E+11,3.06E+11,2.93E+11
Solomon Islands,East Asia & Pacific,GDP,400464594,341663056,332736306.5,375109694.3,413911362.3,456707935,516074229,608292551.5,597762270.8,671585231.6,886503123.8,1025124684,1059695156,1158190175,1156834751
Thailand,East Asia & Pacific,GDP,1.20E+11,1.34E+11,1.52E+11,1.73E+11,1.89E+11,2.22E+11,2.63E+11,2.91E+11,2.82E+11,3.41E+11,3.71E+11,3.97E+11,4.20E+11,4.04E+11,3.95E+11
Timor-Leste,East Asia & Pacific,GDP,452000000,444000000,453000000,466000000,491000000,463000000,559000000,694000000,818000000,934000000,1138000000,1295000000,1319000000,1371172833,1412377919
Tonga,East Asia & Pacific,GDP,167042898.9,181801931.5,208098552.8,236247362.5,258739680.9,287983019.9,299657872,340041546.5,321303416.1,369816107,441232909.2,457244315.2,432889959.4,434386306.6,
Tuvalu,East Asia & Pacific,GDP,13196254.87,15451309.04,18230911.04,21535683.88,21839543.63,22902861.45,27030374.03,30290219.76,27101076.28,31823518.62,39312016.5,39875750.67,38320765.12,37859554.46,
Vanuatu,East Asia & Pacific,GDP,257926881.7,262603781.8,314463144,364996869.1,394962552.3,439376794.1,526428309.9,607958616.1,610066628.7,700804286.2,792149700.7,781702874.1,801787555.9,814954586.8,
Vietnam,East Asia & Pacific,GDP,35291349277,37947904054,42717072778,49424107710,57633255739,66371664817,77414425532,99130304099,1.06E+11,1.16E+11,1.36E+11,1.56E+11,1.71E+11,1.86E+11,1.94E+11
Albania,Europe & Central Asia,GDP,4060758804,4435078648,5746945913,7314865176,8158548717,8992642349,10701011897,12881352688,12044212904,11926953259,12890867539,12319784787,12781029644,13277963807,11455595709
Andorra,Europe & Central Asia,GDP,1484004617,1717563533,2373836214,2916913449,3248134607,3536451646,4010785102,4001349340,3649863493,3346317329,3427235709,3146177741,3249100667,,
Armenia,Europe & Central Asia,GDP,2118467913,2376335048,2807061009,3576615240,4900469515,6384451606,9206301700,11662040714,8647936748,9260284938,10142111334,10619320049,11121465767,11644438423,10561401185
Austria,Europe & Central Asia,GDP,1.97E+11,2.13E+11,2.61E+11,3.00E+11,3.15E+11,3.34E+11,3.86E+11,4.28E+11,3.98E+11,3.90E+11,4.29E+11,4.07E+11,4.29E+11,4.37E+11,3.74E+11
Azerbaijan,Europe & Central Asia,GDP,5707618247,6236024951,7275766111,8680511918,13245421881,20983019924,33050343783,48852482960,44291490421,52902703376,65951627200,68730906314,73560484385,75198010965,53047140347
Belarus,Europe & Central Asia,GDP,12354820144,14594925393,17825436035,23141587718,30210091837,36961821894,45275747861,60752177439,49208656976,55220932614,59734593905,63615445567,73097619637,76103961203,54608962635
Belgium,Europe & Central Asia,GDP,2.38E+11,2.59E+11,3.19E+11,3.71E+11,3.87E+11,4.10E+11,4.72E+11,5.19E+11,4.85E+11,4.84E+11,5.27E+11,4.98E+11,5.21E+11,5.31E+11,4.54E+11
Bosnia and Herzegovina,Europe & Central Asia,GDP,5748990666,6651226179,8370020196,10022840635,11225138297,12866524918,15776422673,19101454464,17600630727,17163117551,18628022743,17207367626,18154290272,18521476055,15995392118
Bulgaria,Europe & Central Asia,GDP,14135393876,16360346654,21074775206,26094622564,29821662537,34304448150,44765733380,54666642734,51783454184,49939168133,56949835052,53576670828,55626359256,56717054674,48952959080
Channel Islands,Europe & Central Asia,GDP,6232906290,6663669065,7332244898,8553643354,8827272727,9676172953,11514605842,,,,,,,,
Croatia,Europe & Central Asia,GDP,23289671102,26878499206,34658113497,41574530816,45416076681,50453577898,60093155533,70481451814,62703095751,59680624422,62249565359,56485301967,57770884729,57136241867,48732003674
Cyprus,Europe & Central Asia,GDP,10328979964,11345759615,14445240091,17164625000,18270009451,19866878479,23716042497,27493064742,25593262401,25247424011,27089174646,24940600822,24055947955,23227106276,19319729400
Czech Republic,Europe & Central Asia,GDP,67375623427,81696651659,99300329682,1.19E+11,1.36E+11,1.55E+11,1.89E+11,2.35E+11,2.06E+11,2.07E+11,2.27E+11,2.06E+11,2.08E+11,2.05E+11,1.82E+11
Denmark,Europe & Central Asia,GDP,1.65E+11,1.79E+11,2.18E+11,2.51E+11,2.65E+11,2.83E+11,3.20E+11,3.53E+11,3.20E+11,3.20E+11,3.41E+11,3.25E+11,3.39E+11,3.46E+11,2.95E+11
Estonia,Europe & Central Asia,GDP,6245072062,7322068381,9833875339,12059204969,14006093769,16963630661,22237065426,24194038377,19652486802,19494662252,23168793439,23135266649,25246787742,26485161116,22691482755
Faroe Islands,Europe & Central Asia,GDP,1154899793,1268445919,1486861879,1683997930,1730891409,1970142378,2278229533,2413237402,2257097732,2301178416,2468748768,2356505419,2613458942,,
Finland,Europe & Central Asia,GDP,1.29E+11,1.40E+11,1.71E+11,1.97E+11,2.04E+11,2.17E+11,2.55E+11,2.84E+11,2.51E+11,2.48E+11,2.74E+11,2.57E+11,2.70E+11,2.72E+11,2.30E+11
France,Europe & Central Asia,GDP,1.38E+12,1.50E+12,1.85E+12,2.12E+12,2.20E+12,2.33E+12,2.66E+12,2.92E+12,2.69E+12,2.65E+12,2.86E+12,2.68E+12,2.81E+12,2.83E+12,2.42E+12
Georgia,Europe & Central Asia,GDP,3219487825,3395778674,3991374549,5125273881,6410941013,7745406201,10172869680,12795044473,10766809099,11638536891,14434619982,15846474596,16140047072,16509305828,13965385802
Germany,Europe & Central Asia,GDP,1.95E+12,2.08E+12,2.51E+12,2.82E+12,2.86E+12,3.00E+12,3.44E+12,3.75E+12,3.42E+12,3.42E+12,3.76E+12,3.54E+12,3.75E+12,3.87E+12,3.36E+12
Gibraltar,Europe & Central Asia,GDP,,,,,,,,,,,,,,,
Greece,Europe & Central Asia,GDP,1.36E+11,1.54E+11,2.02E+11,2.41E+11,2.48E+11,2.73E+11,3.18E+11,3.54E+11,3.30E+11,2.99E+11,2.88E+11,2.46E+11,2.40E+11,2.36E+11,1.95E+11
Greenland,Europe & Central Asia,GDP,1086170639,1169136691,1402452662,1617227234,1650283229,1811232805,2039990870,2301745558,2314737667,2287220565,2503747857,2356004771,2419043094,2441226080,
Hungary,Europe & Central Asia,GDP,53656435272,67516529107,84998508738,1.04E+11,1.13E+11,1.15E+11,1.39E+11,1.57E+11,1.30E+11,1.30E+11,1.40E+11,1.27E+11,1.34E+11,1.38E+11,1.21E+11
Iceland,Europe & Central Asia,GDP,8126161154,9161798221,11297018603,13704440838,16749309720,17041293816,21293841230,17530651670,12855269884,13236887873,14665358677,14194519025,15376604281,17036097482,16598494831
Ireland,Europe & Central Asia,GDP,1.09E+11,1.28E+11,1.65E+11,1.94E+11,2.11E+11,2.32E+11,2.70E+11,2.75E+11,2.35E+11,2.20E+11,2.42E+11,2.25E+11,2.38E+11,2.51E+11,2.38E+11
Isle of Man,Europe & Central Asia,GDP,1614595291,1897606791,2264911807,2758117365,2971167185,3344402193,5686310749,5827830311,5047757848,5420291955,6066057183,6432879504,6754330155,,
Italy,Europe & Central Asia,GDP,1.16E+12,1.27E+12,1.57E+12,1.80E+12,1.85E+12,1.94E+12,2.20E+12,2.39E+12,2.19E+12,2.13E+12,2.28E+12,2.07E+12,2.13E+12,2.14E+12,1.81E+12
Kazakhstan,Europe & Central Asia,GDP,22152689130,24636598581,30833692831,43151647003,57123671734,81003884545,1.05E+11,1.33E+11,1.15E+11,1.48E+11,2.00E+11,2.16E+11,2.44E+11,2.27E+11,1.84E+11
Kosovo,Europe & Central Asia,GDP,2535333632,2702427047,3355083117,3639935348,3736599925,4078158324,4833561456,5687488209,5653792720,5829933775,6692521546,6500321213,7073021774,7384901154,6385937673
Kyrgyz Republic,Europe & Central Asia,GDP,1525113501,1605640633,1919012781,2211535312,2460246796,2834168889,3802566171,5139957785,4690062255,4794357795,6197766119,6605139933,7335027592,7468096567,6571853849
Latvia,Europe & Central Asia,GDP,8347312514,9537868349,11734856721,14359465331,16903250778,21410923000,30847189167,35542093261,26144610787,23743309486,28385281828,28023276372,30221574615,31286809075,27035266718
Liechtenstein,Europe & Central Asia,GDP,2491800559,2688617885,3070803439,3454374270,3659320087,4000101033,4601430549,5081479840,4504376590,5082338965,5739705822,5487773452,,,
Lithuania,Europe & Central Asia,GDP,12252498921,14278357284,18802576988,22649930576,26125575942,30216060233,39738180077,47850551149,37440673478,37132564255,43505562065,42852204396,46418255975,48353937110,41243983587
Luxembourg,Europe & Central Asia,GDP,21052080537,23308582722,29206884876,34343804321,36977365999,41913561661,50323159047,55144865973,50386496249,52351655629,58697386711,55986712368,61794506556,64873963098,57793612066
"Macedonia, FYR",Europe & Central Asia,GDP,3709637830,4018365247,4946292775,5682719260,6258600714,6861222332,8336478142,9909548411,9401731496,9407168702,10494632699,9745251126,10817712139,11318966947,10086021261
Moldova,Europe & Central Asia,GDP,1480656884,1661818168,1980901554,2598231467,2988338439,3408272498,4401154128,6054806101,5439422031,5811604052,7015206498,7284686576,7985349731,7983271111,6551161404
Monaco,Europe & Central Asia,GDP,2671401083,2905973022,3588988601,4110348444,4280072626,4663488363,5974371696,6919241412,5557245122,5350674803,6074884389,,,,
Montenegro,Europe & Central Asia,GDP,1159891557,1284504508,1707662613,2073255525,2257118341,2696020575,3668857104,4519731947,4141382328,4139192053,4538199889,4087725813,4464497584,4587741791,3992640233
Netherlands,Europe & Central Asia,GDP,4.27E+11,4.65E+11,5.72E+11,6.51E+11,6.79E+11,7.27E+11,8.39E+11,9.36E+11,8.58E+11,8.36E+11,8.94E+11,8.29E+11,8.64E+11,8.79E+11,7.53E+11
Norway,Europe & Central Asia,GDP,1.74E+11,1.95E+11,2.29E+11,2.64E+11,3.09E+11,3.45E+11,4.01E+11,4.62E+11,3.86E+11,4.29E+11,4.98E+11,5.10E+11,5.23E+11,5.01E+11,3.88E+11
Poland,Europe & Central Asia,GDP,1.91E+11,1.99E+11,2.18E+11,2.54E+11,3.04E+11,3.43E+11,4.29E+11,5.30E+11,4.36E+11,4.79E+11,5.29E+11,5.00E+11,5.24E+11,5.45E+11,4.75E+11
Portugal,Europe & Central Asia,GDP,1.22E+11,1.34E+11,1.65E+11,1.89E+11,1.97E+11,2.09E+11,2.40E+11,2.62E+11,2.44E+11,2.38E+11,2.45E+11,2.16E+11,2.26E+11,2.30E+11,1.99E+11
Romania,Europe & Central Asia,GDP,40716836998,46174557556,59867801205,76216441462,99697566668,1.24E+11,1.72E+11,2.08E+11,1.67E+11,1.68E+11,1.85E+11,1.72E+11,1.92E+11,1.99E+11,1.78E+11
Russian Federation,Europe & Central Asia,GDP,3.07E+11,3.45E+11,4.30E+11,5.91E+11,7.64E+11,9.90E+11,1.30E+12,1.66E+12,1.22E+12,1.52E+12,2.03E+12,2.17E+12,2.23E+12,2.03E+12,1.33E+12
San Marino,Europe & Central Asia,GDP,815205233.1,879957209.9,1122981525,1317357835,1375416604,1469000145,1687567364,1899879955,,,,,,,
Serbia,Europe & Central Asia,GDP,12267175481,16116843146,21188704081,24861483281,26252007830,30607991862,40289556656,49259526053,42616653300,39460357731,46466728667,40742313861,45519650911,44210806366,36513027128
Slovak Republic,Europe & Central Asia,GDP,30703017450,35083608131,46731767494,57240535138,62493023256,70388970016,86072414454,1.00E+11,88661433732,89254437086,97919794273,93049717830,98028544875,1.00E+11,86581789952
Slovenia,Europe & Central Asia,GDP,20875389931,23563581047,29697443017,34470229198,36346971770,39587730523,48114700246,55589863776,50244790220,48016423841,51287600778,46240004973,47675792660,49491396798,42746980843
Spain,Europe & Central Asia,GDP,6.26E+11,7.05E+11,9.07E+11,1.07E+12,1.16E+12,1.26E+12,1.48E+12,1.63E+12,1.50E+12,1.43E+12,1.49E+12,1.34E+12,1.37E+12,1.38E+12,1.20E+12
Sweden,Europe & Central Asia,GDP,2.40E+11,2.64E+11,3.31E+11,3.82E+11,3.89E+11,4.20E+11,4.88E+11,5.14E+11,4.30E+11,4.88E+11,5.63E+11,5.44E+11,5.79E+11,5.71E+11,4.93E+11
Switzerland,Europe & Central Asia,GDP,2.79E+11,3.01E+11,3.52E+11,3.94E+11,4.08E+11,4.29E+11,4.77E+11,5.52E+11,5.40E+11,5.81E+11,6.96E+11,6.65E+11,6.85E+11,7.01E+11,6.65E+11
Tajikistan,Europe & Central Asia,GDP,1080774006,1221113795,1554125543,2076148710,2312344311,2830228903,3719515379,5161298559,4979471964,5642221529,6522755783,7633036366,8506674783,9236309138,7853450374
Turkey,Europe & Central Asia,GDP,1.96E+11,2.33E+11,3.03E+11,3.92E+11,4.83E+11,5.31E+11,6.47E+11,7.30E+11,6.15E+11,7.31E+11,7.75E+11,7.89E+11,8.23E+11,7.99E+11,7.18E+11
Turkmenistan,Europe & Central Asia,GDP,3534771969,4462028989,5977440583,6838351088,8104355717,10277598152,12664165103,19271523179,20214385965,22583157895,29233333333,35164210526,39197543860,43485614035,37334232257
Ukraine,Europe & Central Asia,GDP,38009344577,42392896031,50132953288,64883060726,86142018069,1.08E+11,1.43E+11,1.80E+11,1.17E+11,1.36E+11,1.63E+11,1.76E+11,1.81E+11,1.32E+11,90615023324
United Kingdom,Europe & Central Asia,GDP,1.54E+12,1.68E+12,1.94E+12,2.30E+12,2.42E+12,2.59E+12,2.97E+12,2.79E+12,2.31E+12,2.40E+12,2.59E+12,2.63E+12,2.71E+12,2.99E+12,2.85E+12
Uzbekistan,Europe & Central Asia,GDP,11401351420,9687951055,10128112401,12030023548,14307509839,17030896203,22311393928,27934030937,32816828373,39332770929,45324319955,51183443225,56795656325,63132848445,66732801393
Antigua and Barbuda,Latin America & Caribbean,GDP,773765185.2,802529333.3,839996370.4,898356148.1,997374111.1,1135143593,1289254333,1347349852,1206410370,1135539037,1129918370,1204713111,1200587519,1220976000,1297285370
Argentina,Latin America & Caribbean,GDP,2.69E+11,97724513456,1.28E+11,1.82E+11,2.21E+11,2.63E+11,3.29E+11,4.04E+11,3.77E+11,4.62E+11,5.58E+11,6.04E+11,6.24E+11,5.48E+11,
Aruba,Latin America & Caribbean,GDP,1920262570,1941094972,2021301676,2228279330,2331005587,2421474860,2623726257,2791960894,2498932961,2467703911,2584463687,,,,
"Bahamas, The",Latin America & Caribbean,GDP,6516651000,6957996000,6949317000,7094413000,7706222000,7965588000,8318996000,8246650000,7820420000,7909580000,7889750000,8234470000,8431750000,8510500000,8884441432
Barbados,Latin America & Caribbean,GDP,3116500000,3169500000,3275000000,3514500000,3897500000,4303500000,4546000000,4595000000,4602000000,4445500000,4358000000,4313000000,4281000000,4354500000,4451000000
Belize,Latin America & Caribbean,GDP,871860600,932551850,990350000,1057850000,1114202700,1217442150,1290542550,1368625150,1336957250,1397113450,1486712300,1573618750,1625828100,1717861750,1763000000
Bolivia,Latin America & Caribbean,GDP,8141537938,7905485216,8082364868,8773451739,9549077869,11451869165,13120183157,16674324634,17339992165,19649631308,23963033444,27084497540,30659338929,32996187988,33196819572
Brazil,Latin America & Caribbean,GDP,5.59E+11,5.08E+11,5.58E+11,6.69E+11,8.92E+11,1.11E+12,1.40E+12,1.70E+12,1.67E+12,2.21E+12,2.61E+12,2.46E+12,2.47E+12,2.42E+12,1.77E+12
British Virgin Islands,Latin America & Caribbean,GDP,,,,,,,,,,,,,,,
Cayman Islands,Latin America & Caribbean,GDP,,,,,,3207032513,,,,,,,,,
Chile,Latin America & Caribbean,GDP,72336972322,70984568429,77840186385,1.01E+11,1.24E+11,1.55E+11,1.73E+11,1.80E+11,1.72E+11,2.18E+11,2.51E+11,2.65E+11,2.77E+11,2.59E+11,2.40E+11
Colombia,Latin America & Caribbean,GDP,98203544965,97933392356,94684582573,1.17E+11,1.47E+11,1.63E+11,2.07E+11,2.44E+11,2.34E+11,2.87E+11,3.35E+11,3.70E+11,3.80E+11,3.78E+11,2.92E+11
Costa Rica,Latin America & Caribbean,GDP,16403602943,16844378578,17517536016,18596365927,19964925503,22526463619,26322000105,29837895769,29382694861,36298327620,41237293551,45300669857,49236713603,49552639049,51106697024
Cuba,Latin America & Caribbean,GDP,31683300000,33590400000,35901500000,38202800000,42644200000,52742100000,58603500000,60806300000,62078600000,64328200000,68990140000,73139050000,77149700000,,
Dominica,Latin America & Caribbean,GDP,343119364.3,337695734.8,350091216,374771474.9,370370370.4,390370370.4,421481481.5,458148148.1,489259259.3,493703703.7,501481481.5,485185185.2,506666666.7,524605000,537777777.8
Dominican Republic,Latin America & Caribbean,GDP,24892595799,26571659051,21277171990,22039210346,34004081037,35952890849,44073886687,48152993004,48193458083,53864484468,58361928552,60595109805,61198323069,63968906782,67103263863
Ecuador,Latin America & Caribbean,GDP,24468324000,28548945000,32432859000,36591661000,41507085000,46802044000,51007777000,61762635000,62519686000,69555367000,79276664000,87924544000,94776170000,1.01E+11,1.01E+11
El Salvador,Latin America & Caribbean,GDP,13812700000,14306700000,15046700000,15798300000,17093800000,18550700000,20104900000,21431000000,20661000000,21418300000,23139000000,23813600000,24350900000,25054200000,25850200000
Grenada,Latin America & Caribbean,GDP,520444185.2,540336925.9,591018407.4,599118592.6,695370296.3,698518518.5,758518518.5,825925925.9,771278111.1,771015888.9,778648666.7,799882148.1,842571333.3,911803777.8,978148148.1
Guatemala,Latin America & Caribbean,GDP,18702802399,20776403844,21917430474,23965276000,27211377220,30231249362,34113107085,39136436553,37733609939,41338008617,47654783851,50388460920,53851143341,58722323918,63794348775
Guyana,Latin America & Caribbean,GDP,696281471.7,722460886.4,741929342.8,785918769.6,824880550.3,1458446872,1740334782,1922598121,2025565089,2259288396,2576602497,2851154076,2990006534,3077086276,3166029056
Haiti,Latin America & Caribbean,GDP,3596443005,3472191962,2960306121,3537720277,4310358096,4757289752,5885325590,6548530572,6584649419,6622541529,7516834160,7890216508,8452718010,8776370457,8877465911
Honduras,Latin America & Caribbean,GDP,7566498403,7776435882,8140271081,8772194250,9672035709,10841742348,12275501784,13789715133,14587496229,15839344592,17710315006,18528601901,18496438641,19380958759,20152043003
Jamaica,Latin America & Caribbean,GDP,9087918837,9694161516,9399452788,10150978155,11204416000,11905525197,12824094990,13678551838,12037473161,13190512703,14396816914,14746420946,14262303586,13927110142,14005654599
Mexico,Latin America & Caribbean,GDP,7.25E+11,7.42E+11,7.13E+11,7.70E+11,8.66E+11,9.65E+11,1.04E+12,1.10E+12,8.95E+11,1.05E+12,1.17E+12,1.19E+12,1.26E+12,1.30E+12,1.14E+12
Nicaragua,Latin America & Caribbean,GDP,5323146566,5224213018,5322454926,5795568205,6321335612,6786294637,7458103362,8491388729,8380731880,8741313140,9755619760,10438842116,10874735111,11790221756,12692562187
Panama,Latin America & Caribbean,GDP,12501974600,12994218400,13693884200,15013275300,16374277900,18144936600,20958000000,24522200000,26593500000,28917200000,34373820500,39954761200,44856189500,49165773100,52132289700
Paraguay,Latin America & Caribbean,GDP,7662595076,6325151760,6588103836,8033877360,8734653809,10646157920,13794910634,18504130753,15929902138,20030528043,25071195492,24611039786,28965906502,30881166852,27622778722
Peru,Latin America & Caribbean,GDP,51592365725,54436633340,59030590739,66695121800,74947898080,87862091339,1.02E+11,1.22E+11,1.21E+11,1.49E+11,1.71E+11,1.93E+11,2.02E+11,2.03E+11,1.92E+11
Puerto Rico,Latin America & Caribbean,GDP,69668635000,72546194000,75833996000,80322313000,83914521341,87276164365,89524131617,93639316000,96385638000,98381268000,1.00E+11,1.01E+11,1.03E+11,,
Sint Maarten (Dutch part),Latin America & Caribbean,GDP,,,,,,,,,,,,,,,
St. Kitts and Nevis,Latin America & Caribbean,GDP,460467986.5,480825603.4,463418863.3,501150888.9,543169963,636071000,684148703.7,734660333.3,708891296.3,692457407.4,728050629.6,731919888.9,787290370.4,864766185.2,921888851.9
St. Lucia,Latin America & Caribbean,GDP,742383570.8,746048893.3,810093360.7,890757609.7,946681289,1074708501,1173341556,1194493407,1186800333,1249497000,1290025296,1311133148,1334385778,1404430556,1436390326
St. Martin (French part),Latin America & Caribbean,GDP,,,,,,,,,,,,,,,
St. Vincent and the Grenadines,Latin America & Caribbean,GDP,430040370.4,461883444.4,481806296.3,521975111.1,550728666.7,610778296.3,651436074.1,695428851.9,674922481.5,681225963,676129407.4,692933740.7,720636185.2,729738560.4,751373263
Suriname,Latin America & Caribbean,GDP,763465550.5,1078402128,1271196078,1484092538,1793776693,2626380435,2936612022,3532969035,3875409836,4368398048,4422276622,4980000000,5130909091,5210303030,4877888604
Trinidad and Tobago,Latin America & Caribbean,GDP,8824873259,9008273721,11305459802,13280275123,15982282468,18369070083,21642304046,27870257894,19175196446,21037612736,24409826346,24580844843,27257411604,28874122634,27805745961
Turks and Caicos Islands,Latin America & Caribbean,GDP,,,,,,,,,,,,,,,
Uruguay,Latin America & Caribbean,GDP,20898788417,13606494599,12045631093,13686329890,17362857684,19579457966,23410572633,30366213118,31660911279,40284682481,47962439303,51265399743,57531233351,57235766827,53442697568
"Venezuela, RB",Latin America & Caribbean,GDP,1.23E+11,92889586976,83622191419,1.12E+11,1.46E+11,1.83E+11,2.30E+11,3.16E+11,3.29E+11,3.94E+11,3.16E+11,3.81E+11,3.71E+11,,
Virgin Islands (U.S.),Latin America & Caribbean,GDP,,,,,,,,,,,,,,,
Algeria,Middle East & North Africa,GDP,54744714110,56760288396,67863829705,85324998959,1.03E+11,1.17E+11,1.35E+11,1.71E+11,1.37E+11,1.61E+11,2.00E+11,2.09E+11,2.10E+11,2.14E+11,1.67E+11
Bahrain,Middle East & North Africa,GDP,8976207713,9632155053,11074822074,13150166755,15968726862,18505053191,21730000000,25710877660,22938218085,25713271277,29044069149,30756462766,32897606383,33851063830,32221489362
Djibouti,Middle East & North Africa,GDP,572417440.8,591122039.6,622044665.5,666072101.8,708633194.7,768873684,847918929.1,999105339.3,1049110685,1128611700,1239144502,1353632942,1455416074,1589025860,
"Egypt, Arab Rep.",Middle East & North Africa,GDP,97632008710,87850683979,82924503943,78845185293,89685725230,1.07E+11,1.30E+11,1.63E+11,1.89E+11,2.19E+11,2.36E+11,2.76E+11,2.86E+11,3.01E+11,3.31E+11
"Iran, Islamic Rep.",Middle East & North Africa,GDP,1.27E+11,1.29E+11,1.54E+11,1.84E+11,2.20E+11,2.59E+11,3.37E+11,3.97E+11,3.99E+11,4.68E+11,5.92E+11,5.87E+11,5.12E+11,4.25E+11,
Iraq,Middle East & North Africa,GDP,,,,36627901762,49954890353,65140293688,88840050497,1.32E+11,1.12E+11,1.39E+11,1.86E+11,2.18E+11,2.32E+11,2.24E+11,1.69E+11
Israel,Middle East & North Africa,GDP,1.31E+11,1.21E+11,1.27E+11,1.35E+11,1.43E+11,1.55E+11,1.80E+11,2.17E+11,2.08E+11,2.34E+11,2.62E+11,2.60E+11,2.92E+11,3.06E+11,2.96E+11
Jordan,Middle East & North Africa,GDP,8972965058,9580161861,10193023676,11407566734,12588665303,15056936953,17110609732,21971835283,23818322958,26425379437,28840263380,30937277606,33593843662,35826925775,37517410299
Kuwait,Middle East & North Africa,GDP,34890772742,38137545245,47875838926,59440108585,80797945205,1.02E+11,1.15E+11,1.47E+11,1.06E+11,1.15E+11,1.54E+11,1.74E+11,1.74E+11,1.64E+11,1.13E+11
Lebanon,Middle East & North Africa,GDP,17649751244,19152238806,20082918740,20955223881,21287562189,21796351575,24577114428,28829850746,35139635158,38009950249,40078938640,43205095854,44352418120,45730945274,47102873632
Libya,Middle East & North Africa,GDP,34110064452,20481889764,26265625000,33122307692,47334148578,54961936663,67516236338,87140405361,63028320702,74773444901,34699395524,81905365776,65504442872,41142722414,29152707345
Malta,Middle East & North Africa,GDP,3917620728,4296164768,5119621569,5643525282,5990648162,6365500032,7466219569,8554293727,8099400961,8163355021,9302635890,8882509104,9642848650,,
Morocco,Middle East & North Africa,GDP,39459581217,42236836821,52064058834,59626020162,62343022651,68640825481,79041539006,92507257784,92897320376,93216746662,1.01E+11,98266306615,1.07E+11,1.10E+11,1.00E+11
Oman,Middle East & North Africa,GDP,19452015605,20142782835,21633810143,24763589077,31081924577,37215864759,42085305592,60905331599,48388296489,58641352406,67937581274,76341482445,78182574772,81796618986,70254876463
Qatar,Middle East & North Africa,GDP,17538461538,19363736264,23533791209,31734065934,44530494505,60882142857,79712087912,1.15E+11,97798351648,1.25E+11,1.70E+11,1.90E+11,2.02E+11,2.10E+11,1.67E+11
Saudi Arabia,Middle East & North Africa,GDP,1.83E+11,1.89E+11,2.15E+11,2.59E+11,3.28E+11,3.77E+11,4.16E+11,5.20E+11,4.29E+11,5.27E+11,6.70E+11,7.34E+11,7.44E+11,7.54E+11,6.46E+11
Syrian Arab Republic,Middle East & North Africa,GDP,21099833784,21582248882,21828144686,25086930693,28858965517,33332844575,40405006007,,,,,,,,
Tunisia,Middle East & North Africa,GDP,22066101341,23142294436,27453084983,31183139301,32273007554,34378437265,38908069299,44856586316,43454935940,44050929160,45810626509,45044176964,46255554872,47603227897,43015089723
United Arab Emirates,Middle East & North Africa,GDP,1.03E+11,1.10E+11,1.24E+11,1.48E+11,1.81E+11,2.22E+11,2.58E+11,3.15E+11,2.54E+11,2.86E+11,3.49E+11,3.73E+11,3.87E+11,3.99E+11,3.70E+11
West Bank and Gaza,Middle East & North Africa,GDP,4003700000,3555800000,3968000000,4329200000,4831800000,4910100000,5505800000,6673500000,7268200000,8913100000,10459845737,11279400000,12476000000,12715600000,12677400000
"Yemen, Rep.",Middle East & North Africa,GDP,9854042165,10693278292,11777768087,13873500888,16753772448,19081726103,25633674564,30397203369,28459501430,30906753495,31078858746,32074766835,35954502304,,
Bermuda,North America,GDP,3680483000,3937228000,4186525000,4484703000,4868136000,5414299000,5895048000,6109928000,5806378000,5744414000,5550771000,5537537000,5573710000,,
Canada,North America,GDP,7.36E+11,7.58E+11,8.92E+11,1.02E+12,1.17E+12,1.32E+12,1.46E+12,1.55E+12,1.37E+12,1.61E+12,1.79E+12,1.82E+12,1.84E+12,1.78E+12,1.55E+12
United States,North America,GDP,1.06E+13,1.10E+13,1.15E+13,1.23E+13,1.31E+13,1.39E+13,1.45E+13,1.47E+13,1.44E+13,1.50E+13,1.55E+13,1.62E+13,1.67E+13,1.73E+13,1.79E+13
Afghanistan,South Asia,GDP,2461666315,4128818042,4583648922,5285461999,6275076016,7057598407,9843842455,10190529882,12486943506,15936800636,17930239400,20536542737,20046334304,20050189882,19199437989
Bangladesh,South Asia,GDP,53991289844,54724081491,60158929188,65108544250,69442943089,71819083684,79611888213,91631278239,1.02E+11,1.15E+11,1.29E+11,1.33E+11,1.50E+11,1.73E+11,1.95E+11
Bhutan,South Asia,GDP,476360697.2,537050133.7,622026107.8,702682019,818869145.1,897731524.9,1196091805,1258332337,1264758198,1585472534,1820207626,1823692110,1798333726,1958819915,1962221696
India,South Asia,GDP,4.94E+11,5.24E+11,6.18E+11,7.22E+11,8.34E+11,9.49E+11,1.24E+12,1.22E+12,1.37E+12,1.71E+12,1.82E+12,1.82E+12,1.86E+12,2.04E+12,2.07E+12
Maldives,South Asia,GDP,884276168.3,910864148.4,1043403344,1202240023,1119806500,1474698125,1745998938,2117773602,2166330188,2323401758,2449576517,2514041557,2795200010,3063899508,3142812004
Nepal,South Asia,GDP,6007061224,6050875807,6330476435,7273933993,8130258976,9043715356,10325618017,12545438605,12854985464,16002656434,18913574371,18851513891,19271168018,19769642123,20880545907
Pakistan,South Asia,GDP,72309738921,72306820396,83244801093,97977766198,1.10E+11,1.37E+11,1.52E+11,1.70E+11,1.68E+11,1.77E+11,2.14E+11,2.25E+11,2.31E+11,2.43E+11,2.70E+11
Sri Lanka,South Asia,GDP,15746229582,16536535647,18881765437,20662525941,24406252457,28279814925,32350248411,40713812310,42066217872,56725745039,65292741297,68434399083,74294206491,80028186275,82316172384
Angola,Sub-Saharan Africa,GDP,8936063723,12497346670,14188949191,19640848729,28233712831,41789478661,60448921272,84178032716,75492384801,82470913121,1.04E+11,1.15E+11,1.25E+11,1.27E+11,1.03E+11
Benin,Sub-Saharan Africa,GDP,2680213931,3054571082,3905366188,4521424807,4803702821,5142380779,5969535132,7132787397,7097198712,6970240895,7814081156,8117100934,9110800745,9575356735,8476125181
Botswana,Sub-Saharan Africa,GDP,5489608300,5438857107,7511582173,8957467707,9931134941,10126940513,10939053365,10945070442,10267128733,12786662035,15682931970,14686249032,14814801573,15880195735,14390863395
Burkina Faso,Sub-Saharan Africa,GDP,2812845514,3205592290,4205691222,4838551100,5462709498,5844669846,6771277871,8369637065,8369175126,8979966766,10724061339,11166061508,12114166021,12549126616,11099473097
Burundi,Sub-Saharan Africa,GDP,876794723.1,825394490.2,784654423.6,915257323.4,1117257279,1273180597,1356078278,1611634332,1739781489,2026864469,2355652126,2472384907,2714505635,3093647227,3085184837
Cabo Verde,Sub-Saharan Africa,GDP,563024383.3,620974660.2,813963830.2,924318490.8,971977088.2,1107891063,1513933983,1789333749,1711817182,1664310770,1864824081,1751888562,1837908563,1871187071,1629759975
Cameroon,Sub-Saharan Africa,GDP,9633109350,10879778384,13621738837,15775357015,16587858857,17953066721,20431780378,23322254114,23381142147,23622483984,26587311528,26472056038,29567504655,32050817633,29198372811
Central African Republic,Sub-Saharan Africa,GDP,931833302.8,991387870.1,1139754799,1270080251,1350301057,1460562038,1698125618,1985370058,1981728141,1986014846,2212699747,2184183758,1494073354,1691091492,1503299944
Chad,Sub-Saharan Africa,GDP,1709347793,1987622279,2736666516,4414929220,6646663021,7422102520,8638711757,10351933632,9253484290,10657705072,12156380062,12368070169,12949854263,13922223234,10888798114
Comoros,Sub-Saharan Africa,GDP,220093812.2,246737679.5,317562269.4,368143118.7,380372892.6,406111873.5,462453582.9,517477678.6,514788082.3,516962886.8,566024620.5,550476566.1,598925513.2,623751044.5,
"Congo, Dem. Rep.",Sub-Saharan Africa,GDP,7438189100,8728038525,8937567060,10297483481,11964484668,14296507096,16364029327,19206060270,18262773821,20523285374,23849009738,27463220380,30014813756,32782281736,35237742278
"Congo, Rep.",Sub-Saharan Africa,GDP,2794259756,3019993723,3495868725,4648628840,6087002682,7731261311,8394688284,11859014004,9593536531,12007880590,14425607224,13677930124,14085852120,14177437627,8553154506
Cote d'Ivoire,Sub-Saharan Africa,GDP,11192560827,12346919216,15306602560,16554441847,17084928927,17800887796,20343635320,24224903100,24277493862,24884505035,25381616734,27040562587,31292560974,34253607832,31752543539
Equatorial Guinea,Sub-Saharan Africa,GDP,1461139022,1806742742,2484745935,4410764339,8217369093,9144693758,10776721748,16021701872,10219467607,12709498548,17229758160,18011041667,17135584685,15529729677,9397792253
Eritrea,Sub-Saharan Africa,GDP,752368495.5,729321366.7,870247703.2,1109054005,1098425901,1211161880,1317974491,1380188800,1856695551,2117039512,2607739837,,,,
Ethiopia,Sub-Saharan Africa,GDP,8231326016,7850809498,8623691300,10131187261,12401139454,15280861835,19707616773,27066912635,32437389116,29933790334,31952763089,43310721414,47648211133,55612228234,61537143095
Gabon,Sub-Saharan Africa,GDP,5018874179,5310381151,6497305662,7756293575,9458884812,10154041930,12438956756,15508574820,12065138273,14358584300,18186478120,17171447372,17590716232,18179717776,14339723935
"Gambia, The",Sub-Saharan Africa,GDP,687408804.6,578236035.1,487038821.6,578785278.8,624174723.7,655068696,798870894.2,965769128.2,900639747.9,952429030.4,904256643.4,912569686.8,903779657.1,850903179.3,
Ghana,Sub-Saharan Africa,GDP,5314909954,6166330136,7632406553,8881368538,10731634117,20409257610,24758819718,28526891010,25977847814,32174772956,39566292433,41939728979,47805069495,38616536132,37864368220
Guinea,Sub-Saharan Africa,GDP,2833442750,2949637039,3446442219,3666349049,2937071767,2931625105,4134173275,4515824647,4609923756,4735956493,5067360009,5667229759,6231725485,6624068016,6699203543
Guinea-Bissau,Sub-Saharan Africa,GDP,392278164.4,415843479.8,476388249.3,531109346.8,586791836.1,591829897.5,695606313.9,864107768.3,825796952.7,847491366.9,1105497904,995582730.6,1026663833,1109009638,1056851008
Kenya,Sub-Saharan Africa,GDP,12986007426,13147743911,14904517650,16095337094,18737895401,25825524821,31958195182,35895153328,37021512049,39999659234,41953433591,50410164014,55100780396,61395415492,63398041540
Lesotho,Sub-Saharan Africa,GDP,706400239.3,656752929.1,969167237.3,1234215385,1368352570,1428852972,1597476793,1630672203,1711412960,2187482926,2523309140,2384043849,2218102350,2181300506,
Liberia,Sub-Saharan Africa,GDP,521000000,543000000,416000000,474700000,550000000,604028900,739027200,850040500,1155147400,1292697100,1545400000,1735500000,1946500000,2013000000,2053000000
Madagascar,Sub-Saharan Africa,GDP,4529575348,4397254608,5474030080,4363934494,5039293031,5515884349,7342923489,9413002921,8550363975,8729936136,9892702358,9919780071,10613473833,11011062173,9980522718
Malawi,Sub-Saharan Africa,GDP,1716502070,3495597587,3209167240,3476333639,3655892942,3998020177,4432937046,5321012192,6191127665,6959655571,8004000737,6028487929,5518880769,6047813437,6565382259
Mali,Sub-Saharan Africa,GDP,3465305993,3889758024,4703504466,5444474268,6245031690,6899799786,8145694632,9750822511,10181021770,10678749467,12978107561,12442747897,13245777670,14388384093,13100263697
Mauritania,Sub-Saharan Africa,GDP,1295539448,1324426607,1563074860,1833444740,2184444849,3040716679,3356757497,4031047704,3662281668,4337791531,5166340391,5231255478,5645739652,5442297174,
Mauritius,Sub-Saharan Africa,GDP,4536544700,4767303154,5609836355,6385691317,6283796155,6731529168,7792052680,9641089805,8834661043,9718233911,11252386261,11445657238,11931866299,12612959480,11510952257
Mozambique,Sub-Saharan Africa,GDP,4766928747,5031510909,5597367853,6831808930,7723846195,8312078525,9366742309,11494837053,10911698208,10154238250,13131168012,14534278446,16018848991,16945889410,14688606238
Namibia,Sub-Saharan Africa,GDP,3546783708,3361251198,4931312147,6606858786,7261333795,7978734402,8740865600,8486721917,8876191121,11282192605,12409629836,13016152024,12720433346,12838336840,11546088223
Niger,Sub-Saharan Africa,GDP,1945327565,2170481509,2731416346,3052898739,3405134832,3646728060,4291363391,5403363917,5397121856,5718589799,6409169890,6942209595,7667951988,8245312137,7142951342
Nigeria,Sub-Saharan Africa,GDP,44138014092,59116868251,67655840108,87845403978,1.12E+11,1.45E+11,1.66E+11,2.08E+11,1.69E+11,3.69E+11,4.12E+11,4.61E+11,5.15E+11,5.68E+11,4.81E+11
Rwanda,Sub-Saharan Africa,GDP,1674685126,1677447003,1845979351,2089188921,2581465675,3110328011,3775447706,4796573531,5308990459,5698548988,6406727230,7219657132,7522006198,7912161660,8095980014
Sao Tome and Principe,Sub-Saharan Africa,GDP,72230284.44,80531992.12,96343906.43,105360801.9,126194166.2,134441116.9,145827429.6,189595284.4,192558289.7,195176113.4,239986643.5,265592759.8,305632896.2,337413477.2,
Senegal,Sub-Saharan Africa,GDP,4877602060,5333862371,6858952880,8031344381,8707015771,9358710935,11284603071,13386345215,12812994419,12932428288,14440676929,14045681414,14951667194,15657551477,13779570706
Seychelles,Sub-Saharan Africa,GDP,622262057.2,697518248.2,705704816,839319927.3,919103254.5,1016418229,1033561654,967199594,847397850.1,969936525.3,1065826670,1134267367,1411061261,1422530792,1437722206
Sierra Leone,Sub-Saharan Africa,GDP,1079478388,1239004288,1371442566,1431208677,1627854495,1885112202,2158496873,2505458705,2489985963,2616610911,2985556819,3853432409,4958754472,5005662071,4474689706
Somalia,Sub-Saharan Africa,GDP,,,,,,,,,,,,,5352000000,5707000000,5953000000
South Africa,Sub-Saharan Africa,GDP,1.22E+11,1.15E+11,1.75E+11,2.29E+11,2.58E+11,2.72E+11,2.99E+11,2.87E+11,2.96E+11,3.75E+11,4.17E+11,3.97E+11,3.66E+11,3.50E+11,3.13E+11
South Sudan,Sub-Saharan Africa,GDP,,,,,,,,15550136279,12231362023,15727363443,17826697892,10368813559,13257635695,13282084034,9015221096
Sudan,Sub-Saharan Africa,GDP,13182979784,14803189093,17646503525,21457470203,26524538566,35822408612,45898948564,54526580232,53150209168,65634109237,67327289320,62688889673,66480141187,73814947341,84066770983
Swaziland,Sub-Saharan Africa,GDP,1349339652,1224226095,1854032546,2420645241,2584089444,2947943587,3053808159,3019779209,3144671159,3527776867,4963056465,4912817418,4562432041,4412891833,4060072444
Tanzania,Sub-Saharan Africa,GDP,10383560603,10805599893,11659129889,12825801581,16929976600,18610460327,21501741757,27368386358,28573777052,31407908612,33878631649,39087748240,44333456245,48030400964,44895392077
Togo,Sub-Saharan Africa,GDP,1332328999,1474630207,1673690430,1937074572,2115154262,2202809251,2523462557,3163416242,3163000529,3172945645,3756023160,3866617463,4081112865,4482535926,4002723817
Uganda,Sub-Saharan Africa,GDP,5840503869,6178563591,6336696289,7940362799,9013834373,9942597780,12292813603,14239026630,17878178831,20181796803,20262889524,23236898742,24662957836,26998477707,26369242278
Zambia,Sub-Saharan Africa,GDP,4094480988,4193845678,4901839731,6221077675,8331870169,12756858899,14056957976,17910858638,15328342304,20265552104,23459515284,25503060411,28045517946,27134637888,21201564248
Zimbabwe,Sub-Saharan Africa,GDP,6777384700,6342116400,5727591800,5805598400,5755215200,5443896500,5291950100,4415702800,8157077400,9422161300,10956226600,12392715500,13490227100,14196912500,13892940504
